Experiment,SiteYear,Trialtype,PlotBarcode,Column,Row,Genotype,Zad
Barellan,2021,21WS0E,YWZC-01-001,1,1,Barley,
Barellan,2021,21WS0E,YWZC-01-002,1,2,19W007-007,
Barellan,2021,21WS0E,YWZC-01-003,1,3,18Y443-026,
Barellan,2021,21WS0E,YWZC-01-004,1,4,19W009-004,
Barellan,2021,21WS0E,YWZC-01-005,1,5,18Y811-120,
Barellan,2021,21WS0E,YWZC-01-006,1,6,19W014-008,
Barellan,2021,21WS0E,YWZC-01-007,1,7,18Y1138-017,
Barellan,2021,21WS0E,YWZC-01-008,1,8,18Y392-041,
Barellan,2021,21WS0E,YWZC-01-009,1,9,18Y729-001,
Barellan,2021,21WS0E,YWZC-01-010,1,10,19W101-012,
Barellan,2021,21WS0E,YWZC-01-011,1,11,18Y448-028,
Barellan,2021,21WS0E,YWZC-01-012,1,12,18Y459-004,
Barellan,2021,21WS0E,YWZC-01-013,1,13,18Y1231-070,
Barellan,2021,21WS0E,YWZC-01-014,1,14,18Y811-105,
Barellan,2021,21WS0E,YWZC-01-015,1,15,18Y442-005,
Barellan,2021,21WS0E,YWZC-01-016,1,16,19W016-079,
Barellan,2021,21WS0E,YWZC-01-017,1,17,18Y344-007,
Barellan,2021,21WS0E,YWZC-01-018,1,18,18Y602-5058,
Barellan,2021,21WS0E,YWZC-01-019,1,19,18Y1145A-009,
Barellan,2021,21WS0E,YWZC-01-020,1,20,19W014-014,
Barellan,2021,21WS0E,YWZC-01-021,1,21,19W088-028,
Barellan,2021,21WS0E,YWZC-01-022,1,22,19W035-048,
Barellan,2021,21WS0E,YWZC-01-023,1,23,18Y1103-002,
Barellan,2021,21WS0E,YWZC-01-024,1,24,19W013-036,
Barellan,2021,21WS0E,YWZC-01-025,1,25,Cutlass,
Barellan,2021,21WS0E,YWZC-01-026,1,26,19W020-035,
Barellan,2021,21WS0E,YWZC-01-027,1,27,18Y460-003,
Barellan,2021,21WS0E,YWZC-01-028,1,28,19W027-037,
Barellan,2021,21WS0E,YWZC-01-029,1,29,19W094-004,
Barellan,2021,21WS0E,YWZC-01-030,1,30,19W010-019,
Barellan,2021,21WS0E,YWZC-01-031,1,31,18Y409-011,
Barellan,2021,21WS0E,YWZC-01-032,1,32,18Y1181-011,
Barellan,2021,21WS0E,YWZC-01-033,1,33,Chief CL Plus,
Barellan,2021,21WS0E,YWZC-01-034,1,34,19W009-025,
Barellan,2021,21WS0E,YWZC-01-035,1,35,18Y364-017,
Barellan,2021,21WS0E,YWZC-01-036,1,36,19W035-024,
Barellan,2021,21WS0E,YWZC-01-037,1,37,18Y729-014,
Barellan,2021,21WS0E,YWZC-01-038,1,38,19W034-011,
Barellan,2021,21WS0E,YWZC-01-039,1,39,Mace,
Barellan,2021,21WS0E,YWZC-01-040,1,40,18Y372-003,
Barellan,2021,21WS0E,YWZC-01-041,1,41,18Y1095-030,
Barellan,2021,21WS0E,YWZC-01-042,1,42,18Y1227-005,
Barellan,2021,21WS0E,YWZC-01-043,1,43,17Y495-003,
Barellan,2021,21WS0E,YWZC-01-044,1,44,18Y450-008,
Barellan,2021,21WS0E,YWZC-01-045,1,45,18Y361-015,
Barellan,2021,21WS0E,YWZC-01-046,1,46,18Y812-001,
Barellan,2021,21WS0E,YWZC-01-047,1,47,19W028-018,
Barellan,2021,21WS0E,YWZC-01-048,1,48,17Y334-009,
Barellan,2021,21WS0E,YWZC-01-049,1,49,18Y1132-015,
Barellan,2021,21WS0E,YWZC-01-050,1,50,18Y812-029,
Barellan,2021,21WS0E,YWZC-01-051,1,51,18Y1179-002,
Barellan,2021,21WS0E,YWZC-01-052,1,52,17Y482-003,
Barellan,2021,21WS0E,YWZC-01-053,1,53,Lancer,
Barellan,2021,21WS0E,YWZC-01-054,1,54,19W243-5057,
Barellan,2021,21WS0E,YWZC-01-055,1,55,18Y1225-049,
Barellan,2021,21WS0E,YWZC-01-056,1,56,19W017-024,
Barellan,2021,21WS0E,YWZC-01-057,1,57,18Y391-009,
Barellan,2021,21WS0E,YWZC-01-058,1,58,19W029-009,
Barellan,2021,21WS0E,YWZC-01-059,1,59,DS Pascal,
Barellan,2021,21WS0E,YWZC-01-060,1,60,19W022-002,
Barellan,2021,21WS0E,YWZC-01-061,1,61,19W207-5005,
Barellan,2021,21WS0E,YWZC-01-062,1,62,18Y1140-020,
Barellan,2021,21WS0E,YWZC-01-063,1,63,18Y352-001,
Barellan,2021,21WS0E,YWZC-01-064,1,64,19W070-025,
Barellan,2021,21WS0E,YWZC-01-065,1,65,18Y405-007,
Barellan,2021,21WS0E,YWZC-01-066,1,66,Axe,
Barellan,2021,21WS0E,YWZC-01-067,1,67,17Y372-002,
Barellan,2021,21WS0E,YWZC-01-068,1,68,18Y360-012,
Barellan,2021,21WS0E,YWZC-01-069,1,69,18Y432-010,
Barellan,2021,21WS0E,YWZC-01-070,1,70,18Y344-010,
Barellan,2021,21WS0E,YWZC-01-071,1,71,19W021-034,
Barellan,2021,21WS0E,YWZC-01-072,1,72,19W097-042,
Barellan,2021,21WS0E,YWZC-01-073,1,73,18Y1101-003,
Barellan,2021,21WS0E,YWZC-01-074,1,74,18Y432-014,
Barellan,2021,21WS0E,YWZC-01-075,1,75,19W024-076,
Barellan,2021,21WS0E,YWZC-01-076,1,76,18Y379-005,
Barellan,2021,21WS0E,YWZC-01-077,1,77,18Y382-019,
Barellan,2021,21WS0E,YWZC-01-078,1,78,Beckom,
Barellan,2021,21WS0E,YWZC-01-079,1,79,18Y1095-038,
Barellan,2021,21WS0E,YWZC-01-080,1,80,19W140-5009,
Barellan,2021,21WS0E,YWZC-01-081,1,81,Vixen,
Barellan,2021,21WS0E,YWZC-01-082,1,82,18Y1145A-008,
Barellan,2021,21WS0E,YWZC-01-083,1,83,18Y375-007,
Barellan,2021,21WS0E,YWZC-01-084,1,84,17Y512-005,
Barellan,2021,21WS0E,YWZC-01-085,1,85,19W083-078,
Barellan,2021,21WS0E,YWZC-01-086,1,86,19W122-5030,
Barellan,2021,21WS0E,YWZC-01-087,1,87,19W031-048,
Barellan,2021,21WS0E,YWZC-01-088,1,88,19W036-010,
Barellan,2021,21WS0E,YWZC-01-089,1,89,18Y1118-005,
Barellan,2021,21WS0E,YWZC-01-090,1,90,18Y1090-009,
Barellan,2021,21WS0E,YWZC-01-091,1,91,18Y1255-017,
Barellan,2021,21WS0E,YWZC-01-092,1,92,RockStar,
Barellan,2021,21WS0E,YWZC-01-093,1,93,19W018-060,
Barellan,2021,21WS0E,YWZC-01-094,1,94,18Y1168-5019,
Barellan,2021,21WS0E,YWZC-01-095,1,95,Corack,
Barellan,2021,21WS0E,YWZC-01-096,1,96,Illabo,
Barellan,2021,21WS0E,YWZC-02-001,2,1,Stealth,
Barellan,2021,21WS0E,YWZC-02-002,2,2,19W017-071,
Barellan,2021,21WS0E,YWZC-02-003,2,3,18Y460-033,
Barellan,2021,21WS0E,YWZC-02-004,2,4,19W143-026,
Barellan,2021,21WS0E,YWZC-02-005,2,5,19W015-029,
Barellan,2021,21WS0E,YWZC-02-006,2,6,18Y350-018,
Barellan,2021,21WS0E,YWZC-02-007,2,7,18Y1210-035,
Barellan,2021,21WS0E,YWZC-02-008,2,8,19W025-012,
Barellan,2021,21WS0E,YWZC-02-009,2,9,17Y519-011,
Barellan,2021,21WS0E,YWZC-02-010,2,10,18Y460-005,
Barellan,2021,21WS0E,YWZC-02-011,2,11,18Y379-021,
Barellan,2021,21WS0E,YWZC-02-012,2,12,18Y1092-024,
Barellan,2021,21WS0E,YWZC-02-013,2,13,18Y1168-5009,
Barellan,2021,21WS0E,YWZC-02-014,2,14,19W010-017,
Barellan,2021,21WS0E,YWZC-02-015,2,15,17Y495-016,
Barellan,2021,21WS0E,YWZC-02-016,2,16,19W024-007,
Barellan,2021,21WS0E,YWZC-02-017,2,17,19W004-037,
Barellan,2021,21WS0E,YWZC-02-018,2,18,19W013-024,
Barellan,2021,21WS0E,YWZC-02-019,2,19,18Y438-008,
Barellan,2021,21WS0E,YWZC-02-020,2,20,18Y1210-013,
Barellan,2021,21WS0E,YWZC-02-021,2,21,18Y345-003,
Barellan,2021,21WS0E,YWZC-02-022,2,22,19W029-039,
Barellan,2021,21WS0E,YWZC-02-023,2,23,17Y473-007,
Barellan,2021,21WS0E,YWZC-02-024,2,24,19W020-027,
Barellan,2021,21WS0E,YWZC-02-025,2,25,18Y1095-048,
Barellan,2021,21WS0E,YWZC-02-026,2,26,18Y365-020,
Barellan,2021,21WS0E,YWZC-02-027,2,27,19W244-5010,
Barellan,2021,21WS0E,YWZC-02-028,2,28,Suntop,
Barellan,2021,21WS0E,YWZC-02-029,2,29,19W018-042,
Barellan,2021,21WS0E,YWZC-02-030,2,30,19W244-5026,
Barellan,2021,21WS0E,YWZC-02-031,2,31,18Y450-033,
Barellan,2021,21WS0E,YWZC-02-032,2,32,18Y722-5004,
Barellan,2021,21WS0E,YWZC-02-033,2,33,18Y361-019,
Barellan,2021,21WS0E,YWZC-02-034,2,34,19W078-016,
Barellan,2021,21WS0E,YWZC-02-035,2,35,19W028-007,
Barellan,2021,21WS0E,YWZC-02-036,2,36,18Y371-004,
Barellan,2021,21WS0E,YWZC-02-037,2,37,19W031-075,
Barellan,2021,21WS0E,YWZC-02-038,2,38,EGA Gregory,
Barellan,2021,21WS0E,YWZC-02-039,2,39,19W035-031,
Barellan,2021,21WS0E,YWZC-02-040,2,40,19W014-005,
Barellan,2021,21WS0E,YWZC-02-041,2,41,18Y811-019,
Barellan,2021,21WS0E,YWZC-02-042,2,42,18Y812-055,
Barellan,2021,21WS0E,YWZC-02-043,2,43,Vixen,
Barellan,2021,21WS0E,YWZC-02-044,2,44,DS Pascal,
Barellan,2021,21WS0E,YWZC-02-045,2,45,19W016-020,
Barellan,2021,21WS0E,YWZC-02-046,2,46,18Y1138-015,
Barellan,2021,21WS0E,YWZC-02-047,2,47,18Y729-015,
Barellan,2021,21WS0E,YWZC-02-048,2,48,RockStar,
Barellan,2021,21WS0E,YWZC-02-049,2,49,18Y1133-023,
Barellan,2021,21WS0E,YWZC-02-050,2,50,18Y1088-010,
Barellan,2021,21WS0E,YWZC-02-051,2,51,18Y728-010,
Barellan,2021,21WS0E,YWZC-02-052,2,52,17Y512-018,
Barellan,2021,21WS0E,YWZC-02-053,2,53,19W083-023,
Barellan,2021,21WS0E,YWZC-02-054,2,54,18Y811-043,
Barellan,2021,21WS0E,YWZC-02-055,2,55,Spitfire,
Barellan,2021,21WS0E,YWZC-02-056,2,56,18Y436-5008,
Barellan,2021,21WS0E,YWZC-02-057,2,57,19W017-035,
Barellan,2021,21WS0E,YWZC-02-058,2,58,19W036-032,
Barellan,2021,21WS0E,YWZC-02-059,2,59,18Y410-001,
Barellan,2021,21WS0E,YWZC-02-060,2,60,19W034-066,
Barellan,2021,21WS0E,YWZC-02-061,2,61,18Y389-014,
Barellan,2021,21WS0E,YWZC-02-062,2,62,18Y1090-028,
Barellan,2021,21WS0E,YWZC-02-063,2,63,18Y452-014,
Barellan,2021,21WS0E,YWZC-02-064,2,64,19W140-5016,
Barellan,2021,21WS0E,YWZC-02-065,2,65,18Y1145A-108,
Barellan,2021,21WS0E,YWZC-02-066,2,66,18Y370-001,
Barellan,2021,21WS0E,YWZC-02-067,2,67,18Y351-010,
Barellan,2021,21WS0E,YWZC-02-068,2,68,18Y381-020,
Barellan,2021,21WS0E,YWZC-02-069,2,69,19W097-055,
Barellan,2021,21WS0E,YWZC-02-070,2,70,18Y360-010,
Barellan,2021,21WS0E,YWZC-02-071,2,71,18Y1140-032,
Barellan,2021,21WS0E,YWZC-02-072,2,72,18Y389-011,
Barellan,2021,21WS0E,YWZC-02-073,2,73,19W088-034,
Barellan,2021,21WS0E,YWZC-02-074,2,74,Scout,
Barellan,2021,21WS0E,YWZC-02-075,2,75,19W204-5048,
Barellan,2021,21WS0E,YWZC-02-076,2,76,19W030-008,
Barellan,2021,21WS0E,YWZC-02-077,2,77,19W012-019,
Barellan,2021,21WS0E,YWZC-02-078,2,78,19W011-009,
Barellan,2021,21WS0E,YWZC-02-079,2,79,19W027-007,
Barellan,2021,21WS0E,YWZC-02-080,2,80,18Y1225-045,
Barellan,2021,21WS0E,YWZC-02-081,2,81,19W101-5024,
Barellan,2021,21WS0E,YWZC-02-082,2,82,18Y392-032,
Barellan,2021,21WS0E,YWZC-02-083,2,83,18Y1145A-023,
Barellan,2021,21WS0E,YWZC-02-084,2,84,19W019-001,
Barellan,2021,21WS0E,YWZC-02-085,2,85,19W025-007,
Barellan,2021,21WS0E,YWZC-02-086,2,86,18Y511-017,
Barellan,2021,21WS0E,YWZC-02-087,2,87,18Y1097-035,
Barellan,2021,21WS0E,YWZC-02-088,2,88,18Y442-013,
Barellan,2021,21WS0E,YWZC-02-089,2,89,18Y1231-013,
Barellan,2021,21WS0E,YWZC-02-090,2,90,Mace,
Barellan,2021,21WS0E,YWZC-02-091,2,91,Valiant CL Plus,
Barellan,2021,21WS0E,YWZC-02-092,2,92,18Y374-012,
Barellan,2021,21WS0E,YWZC-02-093,2,93,18Y447-027,
Barellan,2021,21WS0E,YWZC-02-094,2,94,18Y447-022,
Barellan,2021,21WS0E,YWZC-02-095,2,95,18Y449-019,
Barellan,2021,21WS0E,YWZC-02-096,2,96,Vixen,
Barellan,2021,21WS0E,YWZC-03-001,3,1,Sunmaster,
Barellan,2021,21WS0E,YWZC-03-002,3,2,19W122-5031,
Barellan,2021,21WS0E,YWZC-03-003,3,3,18Y351-018,
Barellan,2021,21WS0E,YWZC-03-004,3,4,18Y1094-006,
Barellan,2021,21WS0E,YWZC-03-005,3,5,17Y495-014,
Barellan,2021,21WS0E,YWZC-03-006,3,6,Chief CL Plus,
Barellan,2021,21WS0E,YWZC-03-007,3,7,19W021-008,
Barellan,2021,21WS0E,YWZC-03-008,3,8,Wallup,
Barellan,2021,21WS0E,YWZC-03-009,3,9,19W017-002,
Barellan,2021,21WS0E,YWZC-03-010,3,10,Scepter,
Barellan,2021,21WS0E,YWZC-03-011,3,11,18Y391-020,
Barellan,2021,21WS0E,YWZC-03-012,3,12,Valiant CL Plus,
Barellan,2021,21WS0E,YWZC-03-013,3,13,18Y811-002,
Barellan,2021,21WS0E,YWZC-03-014,3,14,19W083-041,
Barellan,2021,21WS0E,YWZC-03-015,3,15,18Y447-015,
Barellan,2021,21WS0E,YWZC-03-016,3,16,18Y810-019,
Barellan,2021,21WS0E,YWZC-03-017,3,17,19W020-019,
Barellan,2021,21WS0E,YWZC-03-018,3,18,18Y392-013,
Barellan,2021,21WS0E,YWZC-03-019,3,19,18Y1088-019,
Barellan,2021,21WS0E,YWZC-03-020,3,20,19W007-015,
Barellan,2021,21WS0E,YWZC-03-021,3,21,18Y433-017,
Barellan,2021,21WS0E,YWZC-03-022,3,22,Devil,
Barellan,2021,21WS0E,YWZC-03-023,3,23,18Y1101-010,
Barellan,2021,21WS0E,YWZC-03-024,3,24,Mace,
Barellan,2021,21WS0E,YWZC-03-025,3,25,18Y452-006,
Barellan,2021,21WS0E,YWZC-03-026,3,26,18Y1276-027,
Barellan,2021,21WS0E,YWZC-03-027,3,27,18Y811-075,
Barellan,2021,21WS0E,YWZC-03-028,3,28,18Y364-010,
Barellan,2021,21WS0E,YWZC-03-029,3,29,18Y382-041,
Barellan,2021,21WS0E,YWZC-03-030,3,30,19W027-011,
Barellan,2021,21WS0E,YWZC-03-031,3,31,19W009-028,
Barellan,2021,21WS0E,YWZC-03-032,3,32,19W025-037,
Barellan,2021,21WS0E,YWZC-03-033,3,33,19W031-017,
Barellan,2021,21WS0E,YWZC-03-034,3,34,18Y369-006,
Barellan,2021,21WS0E,YWZC-03-035,3,35,RockStar,
Barellan,2021,21WS0E,YWZC-03-036,3,36,19W143-5023,
Barellan,2021,21WS0E,YWZC-03-037,3,37,18Y1145B-020,
Barellan,2021,21WS0E,YWZC-03-038,3,38,18Y344-019,
Barellan,2021,21WS0E,YWZC-03-039,3,39,17Y372-005,
Barellan,2021,21WS0E,YWZC-03-040,3,40,18Y1145A-033,
Barellan,2021,21WS0E,YWZC-03-041,3,41,19W088-078,
Barellan,2021,21WS0E,YWZC-03-042,3,42,18Y412-002,
Barellan,2021,21WS0E,YWZC-03-043,3,43,18Y1130-018,
Barellan,2021,21WS0E,YWZC-03-044,3,44,19W083-068,
Barellan,2021,21WS0E,YWZC-03-045,3,45,18Y382-050,
Barellan,2021,21WS0E,YWZC-03-046,3,46,19W014-020,
Barellan,2021,21WS0E,YWZC-03-047,3,47,19W243-5059,
Barellan,2021,21WS0E,YWZC-03-048,3,48,18Y380-019,
Barellan,2021,21WS0E,YWZC-03-049,3,49,17Y514-027,
Barellan,2021,21WS0E,YWZC-03-050,3,50,19W010-034,
Barellan,2021,21WS0E,YWZC-03-051,3,51,18Y350-011,
Barellan,2021,21WS0E,YWZC-03-052,3,52,19W016-045,
Barellan,2021,21WS0E,YWZC-03-053,3,53,19W244-5048,
Barellan,2021,21WS0E,YWZC-03-054,3,54,19W101-001,
Barellan,2021,21WS0E,YWZC-03-055,3,55,18Y447-008,
Barellan,2021,21WS0E,YWZC-03-056,3,56,18Y457-028,
Barellan,2021,21WS0E,YWZC-03-057,3,57,19W012-026,
Barellan,2021,21WS0E,YWZC-03-058,3,58,18Y602-5052,
Barellan,2021,21WS0E,YWZC-03-059,3,59,18Y1112-012,
Barellan,2021,21WS0E,YWZC-03-060,3,60,18Y1231-050,
Barellan,2021,21WS0E,YWZC-03-061,3,61,19W011-024,
Barellan,2021,21WS0E,YWZC-03-062,3,62,18Y812-110,
Barellan,2021,21WS0E,YWZC-03-063,3,63,19W031-054,
Barellan,2021,21WS0E,YWZC-03-064,3,64,18Y362-002,
Barellan,2021,21WS0E,YWZC-03-065,3,65,18Y1179-026,
Barellan,2021,21WS0E,YWZC-03-066,3,66,18Y1099-014,
Barellan,2021,21WS0E,YWZC-03-067,3,67,19W013-029,
Barellan,2021,21WS0E,YWZC-03-068,3,68,17Y487-008,
Barellan,2021,21WS0E,YWZC-03-069,3,69,18Y1097-006,
Barellan,2021,21WS0E,YWZC-03-070,3,70,19W036-056,
Barellan,2021,21WS0E,YWZC-03-071,3,71,18Y733-017,
Barellan,2021,21WS0E,YWZC-03-072,3,72,18Y1225-021,
Barellan,2021,21WS0E,YWZC-03-073,3,73,18Y1140-019,
Barellan,2021,21WS0E,YWZC-03-074,3,74,19W035-037,
Barellan,2021,21WS0E,YWZC-03-075,3,75,19W031-059,
Barellan,2021,21WS0E,YWZC-03-076,3,76,18Y1103-015,
Barellan,2021,21WS0E,YWZC-03-077,3,77,17Y496-008,
Barellan,2021,21WS0E,YWZC-03-078,3,78,18Y390-009,
Barellan,2021,21WS0E,YWZC-03-079,3,79,19W019-010,
Barellan,2021,21WS0E,YWZC-03-080,3,80,18Y449-003,
Barellan,2021,21WS0E,YWZC-03-081,3,81,19W244-5011,
Barellan,2021,21WS0E,YWZC-03-082,3,82,Axe,
Barellan,2021,21WS0E,YWZC-03-083,3,83,18Y433-009,
Barellan,2021,21WS0E,YWZC-03-084,3,84,18Y811-016,
Barellan,2021,21WS0E,YWZC-03-085,3,85,18Y1092-035,
Barellan,2021,21WS0E,YWZC-03-086,3,86,18Y1134-012,
Barellan,2021,21WS0E,YWZC-03-087,3,87,19W073-006,
Barellan,2021,21WS0E,YWZC-03-088,3,88,19W029-032,
Barellan,2021,21WS0E,YWZC-03-089,3,89,18Y1095-028,
Barellan,2021,21WS0E,YWZC-03-090,3,90,19W024-049,
Barellan,2021,21WS0E,YWZC-03-091,3,91,18Y1211-022,
Barellan,2021,21WS0E,YWZC-03-092,3,92,19W030-031,
Barellan,2021,21WS0E,YWZC-03-093,3,93,19W015-022,
Barellan,2021,21WS0E,YWZC-03-094,3,94,18Y412-009,
Barellan,2021,21WS0E,YWZC-03-095,3,95,19W034-044,
Barellan,2021,21WS0E,YWZC-03-096,3,96,Stealth,
Barellan,2021,21WS0E,YWZC-04-001,4,1,Sunvale,
Barellan,2021,21WS0E,YWZC-04-002,4,2,18Y453-017,
Barellan,2021,21WS0E,YWZC-04-003,4,3,18Y1133-032,
Barellan,2021,21WS0E,YWZC-04-004,4,4,18Y607-011,
Barellan,2021,21WS0E,YWZC-04-005,4,5,18Y385-015,
Barellan,2021,21WS0E,YWZC-04-006,4,6,19W015-007,
Barellan,2021,21WS0E,YWZC-04-007,4,7,18Y1112-009,
Barellan,2021,21WS0E,YWZC-04-008,4,8,19W020-012,
Barellan,2021,21WS0E,YWZC-04-009,4,9,Trojan,
Barellan,2021,21WS0E,YWZC-04-010,4,10,18Y812-039,
Barellan,2021,21WS0E,YWZC-04-011,4,11,19W143-5022,
Barellan,2021,21WS0E,YWZC-04-012,4,12,18Y511-124,
Barellan,2021,21WS0E,YWZC-04-013,4,13,19W018-063,
Barellan,2021,21WS0E,YWZC-04-014,4,14,18Y384-001,
Barellan,2021,21WS0E,YWZC-04-015,4,15,18Y452-011,
Barellan,2021,21WS0E,YWZC-04-016,4,16,19W088-016,
Barellan,2021,21WS0E,YWZC-04-017,4,17,19W244-5023,
Barellan,2021,21WS0E,YWZC-04-018,4,18,18Y1094-023,
Barellan,2021,21WS0E,YWZC-04-019,4,19,19W035-004,
Barellan,2021,21WS0E,YWZC-04-020,4,20,18Y379-015,
Barellan,2021,21WS0E,YWZC-04-021,4,21,19W034-016,
Barellan,2021,21WS0E,YWZC-04-022,4,22,18Y372-002,
Barellan,2021,21WS0E,YWZC-04-023,4,23,18Y722-5016,
Barellan,2021,21WS0E,YWZC-04-024,4,24,19W017-015,
Barellan,2021,21WS0E,YWZC-04-025,4,25,18Y810-056,
Barellan,2021,21WS0E,YWZC-04-026,4,26,18Y1211-039,
Barellan,2021,21WS0E,YWZC-04-027,4,27,19W010-030,
Barellan,2021,21WS0E,YWZC-04-028,4,28,19W036-033,
Barellan,2021,21WS0E,YWZC-04-029,4,29,18Y1231-018,
Barellan,2021,21WS0E,YWZC-04-030,4,30,18Y728-006,
Barellan,2021,21WS0E,YWZC-04-031,4,31,18Y1138-009,
Barellan,2021,21WS0E,YWZC-04-032,4,32,17Y512-008,
Barellan,2021,21WS0E,YWZC-04-033,4,33,18Y1130-011,
Barellan,2021,21WS0E,YWZC-04-034,4,34,18Y1225-018,
Barellan,2021,21WS0E,YWZC-04-035,4,35,19W036-018,
Barellan,2021,21WS0E,YWZC-04-036,4,36,18Y1095-052,
Barellan,2021,21WS0E,YWZC-04-037,4,37,19W013-025,
Barellan,2021,21WS0E,YWZC-04-038,4,38,19W019-002,
Barellan,2021,21WS0E,YWZC-04-039,4,39,18Y1255-023,
Barellan,2021,21WS0E,YWZC-04-040,4,40,18Y352-007,
Barellan,2021,21WS0E,YWZC-04-041,4,41,19W207-5045,
Barellan,2021,21WS0E,YWZC-04-042,4,42,18Y1090-003,
Barellan,2021,21WS0E,YWZC-04-043,4,43,Valiant CL Plus,
Barellan,2021,21WS0E,YWZC-04-044,4,44,Cutlass,
Barellan,2021,21WS0E,YWZC-04-045,4,45,19W035-010,
Barellan,2021,21WS0E,YWZC-04-046,4,46,18Y734-005,
Barellan,2021,21WS0E,YWZC-04-047,4,47,19W101-006,
Barellan,2021,21WS0E,YWZC-04-048,4,48,19W073-001,
Barellan,2021,21WS0E,YWZC-04-049,4,49,18Y355-019,
Barellan,2021,21WS0E,YWZC-04-050,4,50,19W036-049,
Barellan,2021,21WS0E,YWZC-04-051,4,51,18Y447-024,
Barellan,2021,21WS0E,YWZC-04-052,4,52,18Y1118-030,
Barellan,2021,21WS0E,YWZC-04-053,4,53,18Y1145A-112,
Barellan,2021,21WS0E,YWZC-04-054,4,54,18Y450-041,
Barellan,2021,21WS0E,YWZC-04-055,4,55,19W024-036,
Barellan,2021,21WS0E,YWZC-04-056,4,56,18Y448-039,
Barellan,2021,21WS0E,YWZC-04-057,4,57,19W027-023,
Barellan,2021,21WS0E,YWZC-04-058,4,58,18Y812-108,
Barellan,2021,21WS0E,YWZC-04-059,4,59,19W022-010,
Barellan,2021,21WS0E,YWZC-04-060,4,60,19W031-034,
Barellan,2021,21WS0E,YWZC-04-061,4,61,18Y511-132,
Barellan,2021,21WS0E,YWZC-04-062,4,62,19W017-011,
Barellan,2021,21WS0E,YWZC-04-063,4,63,18Y1145B-004,
Barellan,2021,21WS0E,YWZC-04-064,4,64,18Y1101-026,
Barellan,2021,21WS0E,YWZC-04-065,4,65,18Y370-003,
Barellan,2021,21WS0E,YWZC-04-066,4,66,Scepter,
Barellan,2021,21WS0E,YWZC-04-067,4,67,19W083-077,
Barellan,2021,21WS0E,YWZC-04-068,4,68,17Y514-012,
Barellan,2021,21WS0E,YWZC-04-069,4,69,18Y359-001,
Barellan,2021,21WS0E,YWZC-04-070,4,70,18Y1276-025,
Barellan,2021,21WS0E,YWZC-04-071,4,71,19W004-025,
Barellan,2021,21WS0E,YWZC-04-072,4,72,Corack,
Barellan,2021,21WS0E,YWZC-04-073,4,73,18Y382-008,
Barellan,2021,21WS0E,YWZC-04-074,4,74,19W101-5035,
Barellan,2021,21WS0E,YWZC-04-075,4,75,18Y811-067,
Barellan,2021,21WS0E,YWZC-04-076,4,76,19W012-027,
Barellan,2021,21WS0E,YWZC-04-077,4,77,17Y372-009,
Barellan,2021,21WS0E,YWZC-04-078,4,78,18Y404-006,
Barellan,2021,21WS0E,YWZC-04-079,4,79,18Y449-004,
Barellan,2021,21WS0E,YWZC-04-080,4,80,18Y432-008,
Barellan,2021,21WS0E,YWZC-04-081,4,81,19W021-016,
Barellan,2021,21WS0E,YWZC-04-082,4,82,19W140-5047,
Barellan,2021,21WS0E,YWZC-04-083,4,83,Wallup,
Barellan,2021,21WS0E,YWZC-04-084,4,84,EGA Gregory,
Barellan,2021,21WS0E,YWZC-04-085,4,85,18Y811-038,
Barellan,2021,21WS0E,YWZC-04-086,4,86,19W030-023,
Barellan,2021,21WS0E,YWZC-04-087,4,87,18Y410-016,
Barellan,2021,21WS0E,YWZC-04-088,4,88,18Y1099-027,
Barellan,2021,21WS0E,YWZC-04-089,4,89,18Y345-007,
Barellan,2021,21WS0E,YWZC-04-090,4,90,18Y438-012,
Barellan,2021,21WS0E,YWZC-04-091,4,91,19W244-5053,
Barellan,2021,21WS0E,YWZC-04-092,4,92,18Y443-040,
Barellan,2021,21WS0E,YWZC-04-093,4,93,19W016-015,
Barellan,2021,21WS0E,YWZC-04-094,4,94,Vixen,
Barellan,2021,21WS0E,YWZC-04-095,4,95,18Y1103-018,
Barellan,2021,21WS0E,YWZC-04-096,4,96,Sunmaster,
Barellan,2021,21WS0E,YWZC-05-001,5,1,Illabo,
Barellan,2021,21WS0E,YWZC-05-002,5,2,18Y812-031,
Barellan,2021,21WS0E,YWZC-05-003,5,3,19W244-5057,
Barellan,2021,21WS0E,YWZC-05-004,5,4,Vixen,
Barellan,2021,21WS0E,YWZC-05-005,5,5,19W028-020,
Barellan,2021,21WS0E,YWZC-05-006,5,6,18Y364-005,
Barellan,2021,21WS0E,YWZC-05-007,5,7,19W030-038,
Barellan,2021,21WS0E,YWZC-05-008,5,8,18Y1225-024,
Barellan,2021,21WS0E,YWZC-05-009,5,9,18Y1177-017,
Barellan,2021,21WS0E,YWZC-05-010,5,10,18Y1179-004,
Barellan,2021,21WS0E,YWZC-05-011,5,11,19W083-057,
Barellan,2021,21WS0E,YWZC-05-012,5,12,18Y448-024,
Barellan,2021,21WS0E,YWZC-05-013,5,13,18Y443-024,
Barellan,2021,21WS0E,YWZC-05-014,5,14,19W024-034,
Barellan,2021,21WS0E,YWZC-05-015,5,15,19W016-059,
Barellan,2021,21WS0E,YWZC-05-016,5,16,19W034-036,
Barellan,2021,21WS0E,YWZC-05-017,5,17,18Y390-016,
Barellan,2021,21WS0E,YWZC-05-018,5,18,18Y449-008,
Barellan,2021,21WS0E,YWZC-05-019,5,19,19W017-063,
Barellan,2021,21WS0E,YWZC-05-020,5,20,19W029-018,
Barellan,2021,21WS0E,YWZC-05-021,5,21,17Y513-006,
Barellan,2021,21WS0E,YWZC-05-022,5,22,18Y1118-023,
Barellan,2021,21WS0E,YWZC-05-023,5,23,19W031-004,
Barellan,2021,21WS0E,YWZC-05-024,5,24,18Y1145B-053,
Barellan,2021,21WS0E,YWZC-05-025,5,25,18Y1099-002,
Barellan,2021,21WS0E,YWZC-05-026,5,26,DS Pascal,
Barellan,2021,21WS0E,YWZC-05-027,5,27,18Y385-008,
Barellan,2021,21WS0E,YWZC-05-028,5,28,18Y812-041,
Barellan,2021,21WS0E,YWZC-05-029,5,29,18Y437-012,
Barellan,2021,21WS0E,YWZC-05-030,5,30,19W004-010,
Barellan,2021,21WS0E,YWZC-05-031,5,31,18Y361-020,
Barellan,2021,21WS0E,YWZC-05-032,5,32,18Y1145A-022,
Barellan,2021,21WS0E,YWZC-05-033,5,33,19W007-013,
Barellan,2021,21WS0E,YWZC-05-034,5,34,18Y345-014,
Barellan,2021,21WS0E,YWZC-05-035,5,35,Corack,
Barellan,2021,21WS0E,YWZC-05-036,5,36,Lancer,
Barellan,2021,21WS0E,YWZC-05-037,5,37,19W021-033,
Barellan,2021,21WS0E,YWZC-05-038,5,38,19W101-5012,
Barellan,2021,21WS0E,YWZC-05-039,5,39,18Y349-016,
Barellan,2021,21WS0E,YWZC-05-040,5,40,18Y511-123,
Barellan,2021,21WS0E,YWZC-05-041,5,41,17Y512-030,
Barellan,2021,21WS0E,YWZC-05-042,5,42,19W036-042,
Barellan,2021,21WS0E,YWZC-05-043,5,43,18Y1210-011,
Barellan,2021,21WS0E,YWZC-05-044,5,44,19W017-014,
Barellan,2021,21WS0E,YWZC-05-045,5,45,18Y350-012,
Barellan,2021,21WS0E,YWZC-05-046,5,46,18Y412-003,
Barellan,2021,21WS0E,YWZC-05-047,5,47,RockStar,
Barellan,2021,21WS0E,YWZC-05-048,5,48,18Y1134-024,
Barellan,2021,21WS0E,YWZC-05-049,5,49,18Y1138-020,
Barellan,2021,21WS0E,YWZC-05-050,5,50,18Y432-006,
Barellan,2021,21WS0E,YWZC-05-051,5,51,18Y810-006,
Barellan,2021,21WS0E,YWZC-05-052,5,52,19W019-015,
Barellan,2021,21WS0E,YWZC-05-053,5,53,19W096-028,
Barellan,2021,21WS0E,YWZC-05-054,5,54,19W020-034,
Barellan,2021,21WS0E,YWZC-05-055,5,55,18Y1133-022,
Barellan,2021,21WS0E,YWZC-05-056,5,56,18Y1231-044,
Barellan,2021,21WS0E,YWZC-05-057,5,57,18Y432-019,
Barellan,2021,21WS0E,YWZC-05-058,5,58,18Y733-010,
Barellan,2021,21WS0E,YWZC-05-059,5,59,18Y603-5033,
Barellan,2021,21WS0E,YWZC-05-060,5,60,18Y1211-018,
Barellan,2021,21WS0E,YWZC-05-061,5,61,18Y1088-020,
Barellan,2021,21WS0E,YWZC-05-062,5,62,17Y334-010,
Barellan,2021,21WS0E,YWZC-05-063,5,63,18Y405-010,
Barellan,2021,21WS0E,YWZC-05-064,5,64,18Y722-5008,
Barellan,2021,21WS0E,YWZC-05-065,5,65,19W068-030,
Barellan,2021,21WS0E,YWZC-05-066,5,66,18Y379-022,
Barellan,2021,21WS0E,YWZC-05-067,5,67,18Y1181-5010,
Barellan,2021,21WS0E,YWZC-05-068,5,68,Cutlass,
Barellan,2021,21WS0E,YWZC-05-069,5,69,19W101-5031,
Barellan,2021,21WS0E,YWZC-05-070,5,70,19W034-064,
Barellan,2021,21WS0E,YWZC-05-071,5,71,19W015-040,
Barellan,2021,21WS0E,YWZC-05-072,5,72,18Y382-031,
Barellan,2021,21WS0E,YWZC-05-073,5,73,Magenta,
Barellan,2021,21WS0E,YWZC-05-074,5,74,17Y495-015,
Barellan,2021,21WS0E,YWZC-05-075,5,75,18Y390-002,
Barellan,2021,21WS0E,YWZC-05-076,5,76,18Y1095-065,
Barellan,2021,21WS0E,YWZC-05-077,5,77,19W010-037,
Barellan,2021,21WS0E,YWZC-05-078,5,78,19W083-021,
Barellan,2021,21WS0E,YWZC-05-079,5,79,18Y450-037,
Barellan,2021,21WS0E,YWZC-05-080,5,80,19W035-051,
Barellan,2021,21WS0E,YWZC-05-081,5,81,19W011-037,
Barellan,2021,21WS0E,YWZC-05-082,5,82,18Y452-020,
Barellan,2021,21WS0E,YWZC-05-083,5,83,19W018-050,
Barellan,2021,21WS0E,YWZC-05-084,5,84,19W014-026,
Barellan,2021,21WS0E,YWZC-05-085,5,85,18Y452-003,
Barellan,2021,21WS0E,YWZC-05-086,5,86,18Y812-010,
Barellan,2021,21WS0E,YWZC-05-087,5,87,18Y443-033,
Barellan,2021,21WS0E,YWZC-05-088,5,88,EGA Gregory,
Barellan,2021,21WS0E,YWZC-05-089,5,89,18Y606-014,
Barellan,2021,21WS0E,YWZC-05-090,5,90,19W140-017,
Barellan,2021,21WS0E,YWZC-05-091,5,91,18Y382-020,
Barellan,2021,21WS0E,YWZC-05-092,5,92,19W088-064,
Barellan,2021,21WS0E,YWZC-05-093,5,93,19W022-007,
Barellan,2021,21WS0E,YWZC-05-094,5,94,19W013-002,
Barellan,2021,21WS0E,YWZC-05-095,5,95,19W009-038,
Barellan,2021,21WS0E,YWZC-05-096,5,96,Elmore CL Plus,
Barellan,2021,21WS0E,YWZC-06-001,6,1,Lancer,
Barellan,2021,21WS0E,YWZC-06-002,6,2,18Y359-002,
Barellan,2021,21WS0E,YWZC-06-003,6,3,19W027-018,
Barellan,2021,21WS0E,YWZC-06-004,6,4,19W024-038,
Barellan,2021,21WS0E,YWZC-06-005,6,5,18Y1097-020,
Barellan,2021,21WS0E,YWZC-06-006,6,6,18Y1133-038,
Barellan,2021,21WS0E,YWZC-06-007,6,7,19W068-038,
Barellan,2021,21WS0E,YWZC-06-008,6,8,18Y365-015,
Barellan,2021,21WS0E,YWZC-06-009,6,9,19W011-014,
Barellan,2021,21WS0E,YWZC-06-010,6,10,18Y1134-027,
Barellan,2021,21WS0E,YWZC-06-011,6,11,19W031-056,
Barellan,2021,21WS0E,YWZC-06-012,6,12,18Y392-001,
Barellan,2021,21WS0E,YWZC-06-013,6,13,Devil,
Barellan,2021,21WS0E,YWZC-06-014,6,14,19W143-5005,
Barellan,2021,21WS0E,YWZC-06-015,6,15,DS Pascal,
Barellan,2021,21WS0E,YWZC-06-016,6,16,19W036-069,
Barellan,2021,21WS0E,YWZC-06-017,6,17,18Y457-004,
Barellan,2021,21WS0E,YWZC-06-018,6,18,19W101-5050,
Barellan,2021,21WS0E,YWZC-06-019,6,19,17Y512-013,
Barellan,2021,21WS0E,YWZC-06-020,6,20,18Y1145A-003,
Barellan,2021,21WS0E,YWZC-06-021,6,21,17Y497-006,
Barellan,2021,21WS0E,YWZC-06-022,6,22,19W013-003,
Barellan,2021,21WS0E,YWZC-06-023,6,23,EGA Gregory,
Barellan,2021,21WS0E,YWZC-06-024,6,24,18Y450-023,
Barellan,2021,21WS0E,YWZC-06-025,6,25,17Y473-020,
Barellan,2021,21WS0E,YWZC-06-026,6,26,18Y1179-027,
Barellan,2021,21WS0E,YWZC-06-027,6,27,18Y1088-025,
Barellan,2021,21WS0E,YWZC-06-028,6,28,19W244-5025,
Barellan,2021,21WS0E,YWZC-06-029,6,29,18Y1101-018,
Barellan,2021,21WS0E,YWZC-06-030,6,30,19W012-021,
Barellan,2021,21WS0E,YWZC-06-031,6,31,19W017-056,
Barellan,2021,21WS0E,YWZC-06-032,6,32,18Y1231-023,
Barellan,2021,21WS0E,YWZC-06-033,6,33,19W019-019,
Barellan,2021,21WS0E,YWZC-06-034,6,34,18Y1211-025,
Barellan,2021,21WS0E,YWZC-06-035,6,35,18Y380-014,
Barellan,2021,21WS0E,YWZC-06-036,6,36,19W243-5039,
Barellan,2021,21WS0E,YWZC-06-037,6,37,19W022-015,
Barellan,2021,21WS0E,YWZC-06-038,6,38,Axe,
Barellan,2021,21WS0E,YWZC-06-039,6,39,18Y443-038,
Barellan,2021,21WS0E,YWZC-06-040,6,40,18Y453-015,
Barellan,2021,21WS0E,YWZC-06-041,6,41,18Y374-017,
Barellan,2021,21WS0E,YWZC-06-042,6,42,19W009-014,
Barellan,2021,21WS0E,YWZC-06-043,6,43,Spitfire,
Barellan,2021,21WS0E,YWZC-06-044,6,44,19W207-080,
Barellan,2021,21WS0E,YWZC-06-045,6,45,19W021-010,
Barellan,2021,21WS0E,YWZC-06-046,6,46,18Y1168-5018,
Barellan,2021,21WS0E,YWZC-06-047,6,47,18Y440-012,
Barellan,2021,21WS0E,YWZC-06-048,6,48,18Y1132-023,
Barellan,2021,21WS0E,YWZC-06-049,6,49,18Y1225-053,
Barellan,2021,21WS0E,YWZC-06-050,6,50,19W096-058,
Barellan,2021,21WS0E,YWZC-06-051,6,51,19W094-032,
Barellan,2021,21WS0E,YWZC-06-052,6,52,18Y350-014,
Barellan,2021,21WS0E,YWZC-06-053,6,53,19W028-002,
Barellan,2021,21WS0E,YWZC-06-054,6,54,Scout,
Barellan,2021,21WS0E,YWZC-06-055,6,55,19W016-049,
Barellan,2021,21WS0E,YWZC-06-056,6,56,19W101-5042,
Barellan,2021,21WS0E,YWZC-06-057,6,57,18Y1276-023,
Barellan,2021,21WS0E,YWZC-06-058,6,58,18Y1095-053,
Barellan,2021,21WS0E,YWZC-06-059,6,59,19W083-056,
Barellan,2021,21WS0E,YWZC-06-060,6,60,19W140-5001,
Barellan,2021,21WS0E,YWZC-06-061,6,61,18Y450-034,
Barellan,2021,21WS0E,YWZC-06-062,6,62,18Y1231-046,
Barellan,2021,21WS0E,YWZC-06-063,6,63,18Y392-040,
Barellan,2021,21WS0E,YWZC-06-064,6,64,18Y449-016,
Barellan,2021,21WS0E,YWZC-06-065,6,65,18Y1103-006,
Barellan,2021,21WS0E,YWZC-06-066,6,66,19W007-009,
Barellan,2021,21WS0E,YWZC-06-067,6,67,18Y1130-010,
Barellan,2021,21WS0E,YWZC-06-068,6,68,17Y334-012,
Barellan,2021,21WS0E,YWZC-06-069,6,69,18Y352-019,
Barellan,2021,21WS0E,YWZC-06-070,6,70,18Y1181-5006,
Barellan,2021,21WS0E,YWZC-06-071,6,71,18Y1210-012,
Barellan,2021,21WS0E,YWZC-06-072,6,72,18Y811-074,
Barellan,2021,21WS0E,YWZC-06-073,6,73,19W034-038,
Barellan,2021,21WS0E,YWZC-06-074,6,74,19W088-007,
Barellan,2021,21WS0E,YWZC-06-075,6,75,19W025-006,
Barellan,2021,21WS0E,YWZC-06-076,6,76,18Y736-003,
Barellan,2021,21WS0E,YWZC-06-077,6,77,18Y511-110,
Barellan,2021,21WS0E,YWZC-06-078,6,78,17Y513-024,
Barellan,2021,21WS0E,YWZC-06-079,6,79,18Y1092-012,
Barellan,2021,21WS0E,YWZC-06-080,6,80,19W016-040,
Barellan,2021,21WS0E,YWZC-06-081,6,81,18Y361-005,
Barellan,2021,21WS0E,YWZC-06-082,6,82,18Y361-004,
Barellan,2021,21WS0E,YWZC-06-083,6,83,19W024-021,
Barellan,2021,21WS0E,YWZC-06-084,6,84,18Y432-002,
Barellan,2021,21WS0E,YWZC-06-085,6,85,19W030-002,
Barellan,2021,21WS0E,YWZC-06-086,6,86,18Y1231-069,
Barellan,2021,21WS0E,YWZC-06-087,6,87,19W179-5019,
Barellan,2021,21WS0E,YWZC-06-088,6,88,19W035-020,
Barellan,2021,21WS0E,YWZC-06-089,6,89,18Y381-018,
Barellan,2021,21WS0E,YWZC-06-090,6,90,18Y736-006,
Barellan,2021,21WS0E,YWZC-06-091,6,91,Condo,
Barellan,2021,21WS0E,YWZC-06-092,6,92,18Y457-011,
Barellan,2021,21WS0E,YWZC-06-093,6,93,18Y410-008,
Barellan,2021,21WS0E,YWZC-06-094,6,94,18Y812-009,
Barellan,2021,21WS0E,YWZC-06-095,6,95,18Y369-013,
Barellan,2021,21WS0E,YWZC-06-096,6,96,Coolah,
Barellan,2021,21WS0E,YWZC-07-001,7,1,Janz,
Barellan,2021,21WS0E,YWZC-07-002,7,2,18Y448-015,
Barellan,2021,21WS0E,YWZC-07-003,7,3,Suntop,
Barellan,2021,21WS0E,YWZC-07-004,7,4,18Y354-003,
Barellan,2021,21WS0E,YWZC-07-005,7,5,18Y1133-037,
Barellan,2021,21WS0E,YWZC-07-006,7,6,19W022-036,
Barellan,2021,21WS0E,YWZC-07-007,7,7,18Y374-011,
Barellan,2021,21WS0E,YWZC-07-008,7,8,19W204-5042,
Barellan,2021,21WS0E,YWZC-07-009,7,9,18Y448-029,
Barellan,2021,21WS0E,YWZC-07-010,7,10,Spitfire,
Barellan,2021,21WS0E,YWZC-07-011,7,11,19W016-011,
Barellan,2021,21WS0E,YWZC-07-012,7,12,18Y812-036,
Barellan,2021,21WS0E,YWZC-07-013,7,13,18Y457-016,
Barellan,2021,21WS0E,YWZC-07-014,7,14,19W012-033,
Barellan,2021,21WS0E,YWZC-07-015,7,15,19W013-033,
Barellan,2021,21WS0E,YWZC-07-016,7,16,18Y1231-061,
Barellan,2021,21WS0E,YWZC-07-017,7,17,18Y1095-031,
Barellan,2021,21WS0E,YWZC-07-018,7,18,19W083-076,
Barellan,2021,21WS0E,YWZC-07-019,7,19,18Y385-002,
Barellan,2021,21WS0E,YWZC-07-020,7,20,19W068-041,
Barellan,2021,21WS0E,YWZC-07-021,7,21,18Y1276-014,
Barellan,2021,21WS0E,YWZC-07-022,7,22,18Y381-008,
Barellan,2021,21WS0E,YWZC-07-023,7,23,19W036-077,
Barellan,2021,21WS0E,YWZC-07-024,7,24,19W096-060,
Barellan,2021,21WS0E,YWZC-07-025,7,25,19W007-037,
Barellan,2021,21WS0E,YWZC-07-026,7,26,18Y1145B-013,
Barellan,2021,21WS0E,YWZC-07-027,7,27,19W016-050,
Barellan,2021,21WS0E,YWZC-07-028,7,28,17Y480-020,
Barellan,2021,21WS0E,YWZC-07-029,7,29,18Y361-012,
Barellan,2021,21WS0E,YWZC-07-030,7,30,Mace,
Barellan,2021,21WS0E,YWZC-07-031,7,31,18Y1145A-115,
Barellan,2021,21WS0E,YWZC-07-032,7,32,19W034-008,
Barellan,2021,21WS0E,YWZC-07-033,7,33,18Y389-003,
Barellan,2021,21WS0E,YWZC-07-034,7,34,19W030-021,
Barellan,2021,21WS0E,YWZC-07-035,7,35,19W021-029,
Barellan,2021,21WS0E,YWZC-07-036,7,36,18Y511-018,
Barellan,2021,21WS0E,YWZC-07-037,7,37,18Y371-002,
Barellan,2021,21WS0E,YWZC-07-038,7,38,18Y1095-077,
Barellan,2021,21WS0E,YWZC-07-039,7,39,19W018-072,
Barellan,2021,21WS0E,YWZC-07-040,7,40,19W025-019,
Barellan,2021,21WS0E,YWZC-07-041,7,41,18Y1103-023,
Barellan,2021,21WS0E,YWZC-07-042,7,42,18Y440-010,
Barellan,2021,21WS0E,YWZC-07-043,7,43,19W140-009,
Barellan,2021,21WS0E,YWZC-07-044,7,44,19W036-004,
Barellan,2021,21WS0E,YWZC-07-045,7,45,18Y344-004,
Barellan,2021,21WS0E,YWZC-07-046,7,46,18Y1134-013,
Barellan,2021,21WS0E,YWZC-07-047,7,47,18Y350-019,
Barellan,2021,21WS0E,YWZC-07-048,7,48,18Y405-014,
Barellan,2021,21WS0E,YWZC-07-049,7,49,19W034-018,
Barellan,2021,21WS0E,YWZC-07-050,7,50,19W073-012,
Barellan,2021,21WS0E,YWZC-07-051,7,51,19W101-030,
Barellan,2021,21WS0E,YWZC-07-052,7,52,19W031-050,
Barellan,2021,21WS0E,YWZC-07-053,7,53,18Y1112-011,
Barellan,2021,21WS0E,YWZC-07-054,7,54,19W017-058,
Barellan,2021,21WS0E,YWZC-07-055,7,55,19W010-012,
Barellan,2021,21WS0E,YWZC-07-056,7,56,18Y1092-017,
Barellan,2021,21WS0E,YWZC-07-057,7,57,Condo,
Barellan,2021,21WS0E,YWZC-07-058,7,58,18Y382-007,
Barellan,2021,21WS0E,YWZC-07-059,7,59,18Y440-020,
Barellan,2021,21WS0E,YWZC-07-060,7,60,18Y460-015,
Barellan,2021,21WS0E,YWZC-07-061,7,61,18Y370-014,
Barellan,2021,21WS0E,YWZC-07-062,7,62,18Y374-015,
Barellan,2021,21WS0E,YWZC-07-063,7,63,18Y733-007,
Barellan,2021,21WS0E,YWZC-07-064,7,64,19W189-003,
Barellan,2021,21WS0E,YWZC-07-065,7,65,18Y1225-048,
Barellan,2021,21WS0E,YWZC-07-066,7,66,19W034-010,
Barellan,2021,21WS0E,YWZC-07-067,7,67,19W024-039,
Barellan,2021,21WS0E,YWZC-07-068,7,68,19W028-013,
Barellan,2021,21WS0E,YWZC-07-069,7,69,Trojan,
Barellan,2021,21WS0E,YWZC-07-070,7,70,18Y1132-017,
Barellan,2021,21WS0E,YWZC-07-071,7,71,18Y1181-006,
Barellan,2021,21WS0E,YWZC-07-072,7,72,18Y355-008,
Barellan,2021,21WS0E,YWZC-07-073,7,73,17Y513-016,
Barellan,2021,21WS0E,YWZC-07-074,7,74,18Y1211-044,
Barellan,2021,21WS0E,YWZC-07-075,7,75,18Y729-010,
Barellan,2021,21WS0E,YWZC-07-076,7,76,18Y1099-026,
Barellan,2021,21WS0E,YWZC-07-077,7,77,Beckom,
Barellan,2021,21WS0E,YWZC-07-078,7,78,17Y497-005,
Barellan,2021,21WS0E,YWZC-07-079,7,79,18Y602-006,
Barellan,2021,21WS0E,YWZC-07-080,7,80,18Y1118-006,
Barellan,2021,21WS0E,YWZC-07-081,7,81,18Y364-016,
Barellan,2021,21WS0E,YWZC-07-082,7,82,18Y1177-013,
Barellan,2021,21WS0E,YWZC-07-083,7,83,17Y503-020,
Barellan,2021,21WS0E,YWZC-07-084,7,84,19W140-5040,
Barellan,2021,21WS0E,YWZC-07-085,7,85,19W088-037,
Barellan,2021,21WS0E,YWZC-07-086,7,86,19W035-007,
Barellan,2021,21WS0E,YWZC-07-087,7,87,Lancer,
Barellan,2021,21WS0E,YWZC-07-088,7,88,18Y812-101,
Barellan,2021,21WS0E,YWZC-07-089,7,89,18Y450-001,
Barellan,2021,21WS0E,YWZC-07-090,7,90,17Y334-024,
Barellan,2021,21WS0E,YWZC-07-091,7,91,18Y457-030,
Barellan,2021,21WS0E,YWZC-07-092,7,92,Valiant CL Plus,
Barellan,2021,21WS0E,YWZC-07-093,7,93,18Y811-072,
Barellan,2021,21WS0E,YWZC-07-094,7,94,19W101-5010,
Barellan,2021,21WS0E,YWZC-07-095,7,95,19W011-013,
Barellan,2021,21WS0E,YWZC-07-096,7,96,Lancer,
Barellan,2021,21WS0E,YWZC-08-001,8,1,Coolah,
Barellan,2021,21WS0E,YWZC-08-002,8,2,19W030-037,
Barellan,2021,21WS0E,YWZC-08-003,8,3,18Y811-008,
Barellan,2021,21WS0E,YWZC-08-004,8,4,18Y812-042,
Barellan,2021,21WS0E,YWZC-08-005,8,5,18Y1227-007,
Barellan,2021,21WS0E,YWZC-08-006,8,6,18Y729-005,
Barellan,2021,21WS0E,YWZC-08-007,8,7,18Y1094-018,
Barellan,2021,21WS0E,YWZC-08-008,8,8,18Y344-013,
Barellan,2021,21WS0E,YWZC-08-009,8,9,19W243-5030,
Barellan,2021,21WS0E,YWZC-08-010,8,10,18Y389-005,
Barellan,2021,21WS0E,YWZC-08-011,8,11,19W015-015,
Barellan,2021,21WS0E,YWZC-08-012,8,12,19W097-053,
Barellan,2021,21WS0E,YWZC-08-013,8,13,19W031-052,
Barellan,2021,21WS0E,YWZC-08-014,8,14,18Y369-005,
Barellan,2021,21WS0E,YWZC-08-015,8,15,19W031-006,
Barellan,2021,21WS0E,YWZC-08-016,8,16,19W204-5034,
Barellan,2021,21WS0E,YWZC-08-017,8,17,17Y372-022,
Barellan,2021,21WS0E,YWZC-08-018,8,18,18Y511-012,
Barellan,2021,21WS0E,YWZC-08-019,8,19,Condo,
Barellan,2021,21WS0E,YWZC-08-020,8,20,19W022-030,
Barellan,2021,21WS0E,YWZC-08-021,8,21,18Y1095-011,
Barellan,2021,21WS0E,YWZC-08-022,8,22,18Y1225-026,
Barellan,2021,21WS0E,YWZC-08-023,8,23,19W011-018,
Barellan,2021,21WS0E,YWZC-08-024,8,24,19W083-059,
Barellan,2021,21WS0E,YWZC-08-025,8,25,18Y1132-014,
Barellan,2021,21WS0E,YWZC-08-026,8,26,19W013-014,
Barellan,2021,21WS0E,YWZC-08-027,8,27,Scout,
Barellan,2021,21WS0E,YWZC-08-028,8,28,18Y443-009,
Barellan,2021,21WS0E,YWZC-08-029,8,29,18Y351-015,
Barellan,2021,21WS0E,YWZC-08-030,8,30,18Y379-025,
Barellan,2021,21WS0E,YWZC-08-031,8,31,18Y1231-062,
Barellan,2021,21WS0E,YWZC-08-032,8,32,18Y1103-025,
Barellan,2021,21WS0E,YWZC-08-033,8,33,18Y1095-003,
Barellan,2021,21WS0E,YWZC-08-034,8,34,19W024-033,
Barellan,2021,21WS0E,YWZC-08-035,8,35,18Y728-002,
Barellan,2021,21WS0E,YWZC-08-036,8,36,18Y812-125,
Barellan,2021,21WS0E,YWZC-08-037,8,37,18Y1179-006,
Barellan,2021,21WS0E,YWZC-08-038,8,38,18Y1140-003,
Barellan,2021,21WS0E,YWZC-08-039,8,39,18Y1211-013,
Barellan,2021,21WS0E,YWZC-08-040,8,40,18Y1099-035,
Barellan,2021,21WS0E,YWZC-08-041,8,41,18Y412-019,
Barellan,2021,21WS0E,YWZC-08-042,8,42,18Y1097-023,
Barellan,2021,21WS0E,YWZC-08-043,8,43,19W034-049,
Barellan,2021,21WS0E,YWZC-08-044,8,44,19W025-034,
Barellan,2021,21WS0E,YWZC-08-045,8,45,18Y1134-028,
Barellan,2021,21WS0E,YWZC-08-046,8,46,18Y433-015,
Barellan,2021,21WS0E,YWZC-08-047,8,47,Beckom,
Barellan,2021,21WS0E,YWZC-08-048,8,48,19W244-5030,
Barellan,2021,21WS0E,YWZC-08-049,8,49,18Y352-020,
Barellan,2021,21WS0E,YWZC-08-050,8,50,18Y453-003,
Barellan,2021,21WS0E,YWZC-08-051,8,51,Magenta,
Barellan,2021,21WS0E,YWZC-08-052,8,52,19W017-079,
Barellan,2021,21WS0E,YWZC-08-053,8,53,18Y351-003,
Barellan,2021,21WS0E,YWZC-08-054,8,54,18Y359-015,
Barellan,2021,21WS0E,YWZC-08-055,8,55,18Y460-010,
Barellan,2021,21WS0E,YWZC-08-056,8,56,18Y1145B-027,
Barellan,2021,21WS0E,YWZC-08-057,8,57,Valiant CL Plus,
Barellan,2021,21WS0E,YWZC-08-058,8,58,18Y1133-004,
Barellan,2021,21WS0E,YWZC-08-059,8,59,EGA Gregory,
Barellan,2021,21WS0E,YWZC-08-060,8,60,18Y1255-018,
Barellan,2021,21WS0E,YWZC-08-061,8,61,19W020-020,
Barellan,2021,21WS0E,YWZC-08-062,8,62,19W070-022,
Barellan,2021,21WS0E,YWZC-08-063,8,63,19W017-070,
Barellan,2021,21WS0E,YWZC-08-064,8,64,18Y436-5010,
Barellan,2021,21WS0E,YWZC-08-065,8,65,19W004-033,
Barellan,2021,21WS0E,YWZC-08-066,8,66,18Y448-014,
Barellan,2021,21WS0E,YWZC-08-067,8,67,18Y450-016,
Barellan,2021,21WS0E,YWZC-08-068,8,68,18Y442-010,
Barellan,2021,21WS0E,YWZC-08-069,8,69,18Y811-034,
Barellan,2021,21WS0E,YWZC-08-070,8,70,19W140-5030,
Barellan,2021,21WS0E,YWZC-08-071,8,71,19W140-5006,
Barellan,2021,21WS0E,YWZC-08-072,8,72,18Y1145B-029,
Barellan,2021,21WS0E,YWZC-08-073,8,73,17Y480-007,
Barellan,2021,21WS0E,YWZC-08-074,8,74,19W010-031,
Barellan,2021,21WS0E,YWZC-08-075,8,75,18Y371-005,
Barellan,2021,21WS0E,YWZC-08-076,8,76,18Y602-5060,
Barellan,2021,21WS0E,YWZC-08-077,8,77,Cutlass,
Barellan,2021,21WS0E,YWZC-08-078,8,78,19W035-078,
Barellan,2021,21WS0E,YWZC-08-079,8,79,18Y810-057,
Barellan,2021,21WS0E,YWZC-08-080,8,80,17Y504-021,
Barellan,2021,21WS0E,YWZC-08-081,8,81,19W029-002,
Barellan,2021,21WS0E,YWZC-08-082,8,82,18Y350-004,
Barellan,2021,21WS0E,YWZC-08-083,8,83,19W028-030,
Barellan,2021,21WS0E,YWZC-08-084,8,84,Wallup,
Barellan,2021,21WS0E,YWZC-08-085,8,85,18Y389-029,
Barellan,2021,21WS0E,YWZC-08-086,8,86,18Y392-014,
Barellan,2021,21WS0E,YWZC-08-087,8,87,19W036-044,
Barellan,2021,21WS0E,YWZC-08-088,8,88,19W034-051,
Barellan,2021,21WS0E,YWZC-08-089,8,89,18Y1138-010,
Barellan,2021,21WS0E,YWZC-08-090,8,90,19W014-016,
Barellan,2021,21WS0E,YWZC-08-091,8,91,19W012-006,
Barellan,2021,21WS0E,YWZC-08-092,8,92,19W016-025,
Barellan,2021,21WS0E,YWZC-08-093,8,93,18Y374-002,
Barellan,2021,21WS0E,YWZC-08-094,8,94,17Y497-007,
Barellan,2021,21WS0E,YWZC-08-095,8,95,18Y355-003,
Barellan,2021,21WS0E,YWZC-08-096,8,96,Janz,
Barellan,2021,21WS0E,YWZC-09-001,9,1,Illabo,
Barellan,2021,21WS0E,YWZC-09-002,9,2,18Y511-010,
Barellan,2021,21WS0E,YWZC-09-003,9,3,18Y389-013,
Barellan,2021,21WS0E,YWZC-09-004,9,4,19W083-071,
Barellan,2021,21WS0E,YWZC-09-005,9,5,17Y514-013,
Barellan,2021,21WS0E,YWZC-09-006,9,6,17Y495-011,
Barellan,2021,21WS0E,YWZC-09-007,9,7,Corack,
Barellan,2021,21WS0E,YWZC-09-008,9,8,18Y349-021,
Barellan,2021,21WS0E,YWZC-09-009,9,9,19W015-016,
Barellan,2021,21WS0E,YWZC-09-010,9,10,19W009-026,
Barellan,2021,21WS0E,YWZC-09-011,9,11,18Y1180-042,
Barellan,2021,21WS0E,YWZC-09-012,9,12,19W029-004,
Barellan,2021,21WS0E,YWZC-09-013,9,13,19W020-008,
Barellan,2021,21WS0E,YWZC-09-014,9,14,19W031-033,
Barellan,2021,21WS0E,YWZC-09-015,9,15,18Y391-016,
Barellan,2021,21WS0E,YWZC-09-016,9,16,18Y1092-031,
Barellan,2021,21WS0E,YWZC-09-017,9,17,Vixen,
Barellan,2021,21WS0E,YWZC-09-018,9,18,18Y350-009,
Barellan,2021,21WS0E,YWZC-09-019,9,19,19W021-037,
Barellan,2021,21WS0E,YWZC-09-020,9,20,18Y450-014,
Barellan,2021,21WS0E,YWZC-09-021,9,21,EGA Gregory,
Barellan,2021,21WS0E,YWZC-09-022,9,22,19W180-001,
Barellan,2021,21WS0E,YWZC-09-023,9,23,18Y409-002,
Barellan,2021,21WS0E,YWZC-09-024,9,24,18Y354-004,
Barellan,2021,21WS0E,YWZC-09-025,9,25,18Y736-020,
Barellan,2021,21WS0E,YWZC-09-026,9,26,18Y460-036,
Barellan,2021,21WS0E,YWZC-09-027,9,27,19W143-017,
Barellan,2021,21WS0E,YWZC-09-028,9,28,18Y1177-024,
Barellan,2021,21WS0E,YWZC-09-029,9,29,18Y1276-013,
Barellan,2021,21WS0E,YWZC-09-030,9,30,19W036-073,
Barellan,2021,21WS0E,YWZC-09-031,9,31,19W035-025,
Barellan,2021,21WS0E,YWZC-09-032,9,32,18Y432-016,
Barellan,2021,21WS0E,YWZC-09-033,9,33,18Y450-005,
Barellan,2021,21WS0E,YWZC-09-034,9,34,19W010-005,
Barellan,2021,21WS0E,YWZC-09-035,9,35,18Y1090-007,
Barellan,2021,21WS0E,YWZC-09-036,9,36,17Y334-008,
Barellan,2021,21WS0E,YWZC-09-037,9,37,18Y371-006,
Barellan,2021,21WS0E,YWZC-09-038,9,38,18Y440-001,
Barellan,2021,21WS0E,YWZC-09-039,9,39,18Y1145A-110,
Barellan,2021,21WS0E,YWZC-09-040,9,40,18Y1130-021,
Barellan,2021,21WS0E,YWZC-09-041,9,41,18Y442-018,
Barellan,2021,21WS0E,YWZC-09-042,9,42,18Y597-5025,
Barellan,2021,21WS0E,YWZC-09-043,9,43,19W017-062,
Barellan,2021,21WS0E,YWZC-09-044,9,44,19W004-012,
Barellan,2021,21WS0E,YWZC-09-045,9,45,18Y733-009,
Barellan,2021,21WS0E,YWZC-09-046,9,46,Scepter,
Barellan,2021,21WS0E,YWZC-09-047,9,47,19W016-001,
Barellan,2021,21WS0E,YWZC-09-048,9,48,18Y1095-076,
Barellan,2021,21WS0E,YWZC-09-049,9,49,Magenta,
Barellan,2021,21WS0E,YWZC-09-050,9,50,18Y1133-016,
Barellan,2021,21WS0E,YWZC-09-051,9,51,19W019-014,
Barellan,2021,21WS0E,YWZC-09-052,9,52,Beckom,
Barellan,2021,21WS0E,YWZC-09-053,9,53,19W024-004,
Barellan,2021,21WS0E,YWZC-09-054,9,54,18Y404-017,
Barellan,2021,21WS0E,YWZC-09-055,9,55,17Y372-011,
Barellan,2021,21WS0E,YWZC-09-056,9,56,19W098-022,
Barellan,2021,21WS0E,YWZC-09-057,9,57,18Y379-020,
Barellan,2021,21WS0E,YWZC-09-058,9,58,19W012-004,
Barellan,2021,21WS0E,YWZC-09-059,9,59,19W070-041,
Barellan,2021,21WS0E,YWZC-09-060,9,60,18Y1145A-123,
Barellan,2021,21WS0E,YWZC-09-061,9,61,19W078-015,
Barellan,2021,21WS0E,YWZC-09-062,9,62,Chief CL Plus,
Barellan,2021,21WS0E,YWZC-09-063,9,63,19W101-5022,
Barellan,2021,21WS0E,YWZC-09-064,9,64,18Y1099-024,
Barellan,2021,21WS0E,YWZC-09-065,9,65,18Y459-019,
Barellan,2021,21WS0E,YWZC-09-066,9,66,19W088-079,
Barellan,2021,21WS0E,YWZC-09-067,9,67,Devil,
Barellan,2021,21WS0E,YWZC-09-068,9,68,18Y810-002,
Barellan,2021,21WS0E,YWZC-09-069,9,69,19W027-036,
Barellan,2021,21WS0E,YWZC-09-070,9,70,19W021-040,
Barellan,2021,21WS0E,YWZC-09-071,9,71,19W207-5040,
Barellan,2021,21WS0E,YWZC-09-072,9,72,18Y371-008,
Barellan,2021,21WS0E,YWZC-09-073,9,73,18Y365-006,
Barellan,2021,21WS0E,YWZC-09-074,9,74,18Y1103-030,
Barellan,2021,21WS0E,YWZC-09-075,9,75,18Y382-024,
Barellan,2021,21WS0E,YWZC-09-076,9,76,19W025-009,
Barellan,2021,21WS0E,YWZC-09-077,9,77,18Y812-080,
Barellan,2021,21WS0E,YWZC-09-078,9,78,19W034-057,
Barellan,2021,21WS0E,YWZC-09-079,9,79,18Y1225-035,
Barellan,2021,21WS0E,YWZC-09-080,9,80,19W244-5044,
Barellan,2021,21WS0E,YWZC-09-081,9,81,18Y1097-010,
Barellan,2021,21WS0E,YWZC-09-082,9,82,18Y1094-020,
Barellan,2021,21WS0E,YWZC-09-083,9,83,18Y812-028,
Barellan,2021,21WS0E,YWZC-09-084,9,84,18Y390-018,
Barellan,2021,21WS0E,YWZC-09-085,9,85,18Y350-010,
Barellan,2021,21WS0E,YWZC-09-086,9,86,18Y360-013,
Barellan,2021,21WS0E,YWZC-09-087,9,87,18Y811-079,
Barellan,2021,21WS0E,YWZC-09-088,9,88,19W014-022,
Barellan,2021,21WS0E,YWZC-09-089,9,89,19W083-073,
Barellan,2021,21WS0E,YWZC-09-090,9,90,19W018-047,
Barellan,2021,21WS0E,YWZC-09-091,9,91,18Y1231-047,
Barellan,2021,21WS0E,YWZC-09-092,9,92,18Y1211-020,
Barellan,2021,21WS0E,YWZC-09-093,9,93,18Y722-5020,
Barellan,2021,21WS0E,YWZC-09-094,9,94,19W007-002,
Barellan,2021,21WS0E,YWZC-09-095,9,95,18Y1179-003,
Barellan,2021,21WS0E,YWZC-09-096,9,96,Spitfire,
Barellan,2021,21WS0E,YWZC-10-001,10,1,Elmore CL Plus,
Barellan,2021,21WS0E,YWZC-10-002,10,2,Suntop,
Barellan,2021,21WS0E,YWZC-10-003,10,3,18Y1092-013,
Barellan,2021,21WS0E,YWZC-10-004,10,4,19W036-014,
Barellan,2021,21WS0E,YWZC-10-005,10,5,18Y453-019,
Barellan,2021,21WS0E,YWZC-10-006,10,6,18Y1118-008,
Barellan,2021,21WS0E,YWZC-10-007,10,7,19W028-019,
Barellan,2021,21WS0E,YWZC-10-008,10,8,18Y1211-011,
Barellan,2021,21WS0E,YWZC-10-009,10,9,18Y379-030,
Barellan,2021,21WS0E,YWZC-10-010,10,10,Beckom,
Barellan,2021,21WS0E,YWZC-10-011,10,11,19W243-5046,
Barellan,2021,21WS0E,YWZC-10-012,10,12,19W017-034,
Barellan,2021,21WS0E,YWZC-10-013,10,13,18Y404-004,
Barellan,2021,21WS0E,YWZC-10-014,10,14,18Y1145A-019,
Barellan,2021,21WS0E,YWZC-10-015,10,15,17Y482-013,
Barellan,2021,21WS0E,YWZC-10-016,10,16,19W096-009,
Barellan,2021,21WS0E,YWZC-10-017,10,17,19W088-003,
Barellan,2021,21WS0E,YWZC-10-018,10,18,18Y1225-015,
Barellan,2021,21WS0E,YWZC-10-019,10,19,18Y811-060,
Barellan,2021,21WS0E,YWZC-10-020,10,20,18Y1181-5005,
Barellan,2021,21WS0E,YWZC-10-021,10,21,18Y1088-021,
Barellan,2021,21WS0E,YWZC-10-022,10,22,18Y811-042,
Barellan,2021,21WS0E,YWZC-10-023,10,23,18Y1227-045,
Barellan,2021,21WS0E,YWZC-10-024,10,24,19W035-045,
Barellan,2021,21WS0E,YWZC-10-025,10,25,19W034-065,
Barellan,2021,21WS0E,YWZC-10-026,10,26,19W232-5003,
Barellan,2021,21WS0E,YWZC-10-027,10,27,19W073-035,
Barellan,2021,21WS0E,YWZC-10-028,10,28,17Y519-019,
Barellan,2021,21WS0E,YWZC-10-029,10,29,18Y350-008,
Barellan,2021,21WS0E,YWZC-10-030,10,30,19W029-033,
Barellan,2021,21WS0E,YWZC-10-031,10,31,18Y436-5002,
Barellan,2021,21WS0E,YWZC-10-032,10,32,19W140-007,
Barellan,2021,21WS0E,YWZC-10-033,10,33,18Y734-016,
Barellan,2021,21WS0E,YWZC-10-034,10,34,Lancer,
Barellan,2021,21WS0E,YWZC-10-035,10,35,18Y345-002,
Barellan,2021,21WS0E,YWZC-10-036,10,36,19W018-043,
Barellan,2021,21WS0E,YWZC-10-037,10,37,19W122-5028,
Barellan,2021,21WS0E,YWZC-10-038,10,38,18Y359-013,
Barellan,2021,21WS0E,YWZC-10-039,10,39,18Y1140-014,
Barellan,2021,21WS0E,YWZC-10-040,10,40,19W034-059,
Barellan,2021,21WS0E,YWZC-10-041,10,41,19W035-006,
Barellan,2021,21WS0E,YWZC-10-042,10,42,Axe,
Barellan,2021,21WS0E,YWZC-10-043,10,43,18Y1099-025,
Barellan,2021,21WS0E,YWZC-10-044,10,44,18Y390-001,
Barellan,2021,21WS0E,YWZC-10-045,10,45,Condo,
Barellan,2021,21WS0E,YWZC-10-046,10,46,18Y372-010,
Barellan,2021,21WS0E,YWZC-10-047,10,47,18Y381-016,
Barellan,2021,21WS0E,YWZC-10-048,10,48,18Y361-003,
Barellan,2021,21WS0E,YWZC-10-049,10,49,19W068-036,
Barellan,2021,21WS0E,YWZC-10-050,10,50,Valiant CL Plus,
Barellan,2021,21WS0E,YWZC-10-051,10,51,19W024-001,
Barellan,2021,21WS0E,YWZC-10-052,10,52,18Y384-002,
Barellan,2021,21WS0E,YWZC-10-053,10,53,18Y448-011,
Barellan,2021,21WS0E,YWZC-10-054,10,54,19W031-044,
Barellan,2021,21WS0E,YWZC-10-055,10,55,18Y1179-037,
Barellan,2021,21WS0E,YWZC-10-056,10,56,Scepter,
Barellan,2021,21WS0E,YWZC-10-057,10,57,18Y450-048,
Barellan,2021,21WS0E,YWZC-10-058,10,58,18Y1145A-029,
Barellan,2021,21WS0E,YWZC-10-059,10,59,19W140-5013,
Barellan,2021,21WS0E,YWZC-10-060,10,60,18Y365-018,
Barellan,2021,21WS0E,YWZC-10-061,10,61,19W025-026,
Barellan,2021,21WS0E,YWZC-10-062,10,62,19W015-005,
Barellan,2021,21WS0E,YWZC-10-063,10,63,18Y1133-013,
Barellan,2021,21WS0E,YWZC-10-064,10,64,19W083-022,
Barellan,2021,21WS0E,YWZC-10-065,10,65,Devil,
Barellan,2021,21WS0E,YWZC-10-066,10,66,19W022-013,
Barellan,2021,21WS0E,YWZC-10-067,10,67,18Y389-016,
Barellan,2021,21WS0E,YWZC-10-068,10,68,Wallup,
Barellan,2021,21WS0E,YWZC-10-069,10,69,19W016-006,
Barellan,2021,21WS0E,YWZC-10-070,10,70,18Y1231-060,
Barellan,2021,21WS0E,YWZC-10-071,10,71,19W016-012,
Barellan,2021,21WS0E,YWZC-10-072,10,72,19W004-016,
Barellan,2021,21WS0E,YWZC-10-073,10,73,17Y488-011,
Barellan,2021,21WS0E,YWZC-10-074,10,74,RockStar,
Barellan,2021,21WS0E,YWZC-10-075,10,75,18Y1090-027,
Barellan,2021,21WS0E,YWZC-10-076,10,76,18Y812-120,
Barellan,2021,21WS0E,YWZC-10-077,10,77,17Y512-029,
Barellan,2021,21WS0E,YWZC-10-078,10,78,18Y1094-008,
Barellan,2021,21WS0E,YWZC-10-079,10,79,18Y1130-025,
Barellan,2021,21WS0E,YWZC-10-080,10,80,19W009-024,
Barellan,2021,21WS0E,YWZC-10-081,10,81,18Y448-035,
Barellan,2021,21WS0E,YWZC-10-082,10,82,18Y810-013,
Barellan,2021,21WS0E,YWZC-10-083,10,83,18Y350-013,
Barellan,2021,21WS0E,YWZC-10-084,10,84,19W244-5036,
Barellan,2021,21WS0E,YWZC-10-085,10,85,19W031-040,
Barellan,2021,21WS0E,YWZC-10-086,10,86,19W019-028,
Barellan,2021,21WS0E,YWZC-10-087,10,87,18Y392-021,
Barellan,2021,21WS0E,YWZC-10-088,10,88,18Y412-005,
Barellan,2021,21WS0E,YWZC-10-089,10,89,18Y1210-015,
Barellan,2021,21WS0E,YWZC-10-090,10,90,18Y385-014,
Barellan,2021,21WS0E,YWZC-10-091,10,91,18Y1095-040,
Barellan,2021,21WS0E,YWZC-10-092,10,92,19W101-5014,
Barellan,2021,21WS0E,YWZC-10-093,10,93,18Y1138-002,
Barellan,2021,21WS0E,YWZC-10-094,10,94,18Y439-011,
Barellan,2021,21WS0E,YWZC-10-095,10,95,18Y728-005,
Barellan,2021,21WS0E,YWZC-10-096,10,96,Sunvale,
Barellan,2021,21WS0E,YWZC-11-001,11,1,Yitpi,
Barellan,2021,21WS0E,YWZC-11-002,11,2,18Y392-044,
Barellan,2021,21WS0E,YWZC-11-003,11,3,19W073-037,
Barellan,2021,21WS0E,YWZC-11-004,11,4,18Y392-008,
Barellan,2021,21WS0E,YWZC-11-005,11,5,19W004-006,
Barellan,2021,21WS0E,YWZC-11-006,11,6,18Y382-049,
Barellan,2021,21WS0E,YWZC-11-007,11,7,18Y1231-029,
Barellan,2021,21WS0E,YWZC-11-008,11,8,18Y443-002,
Barellan,2021,21WS0E,YWZC-11-009,11,9,19W035-080,
Barellan,2021,21WS0E,YWZC-11-010,11,10,18Y439-014,
Barellan,2021,21WS0E,YWZC-11-011,11,11,18Y1145B-001,
Barellan,2021,21WS0E,YWZC-11-012,11,12,19W216-026,
Barellan,2021,21WS0E,YWZC-11-013,11,13,18Y362-013,
Barellan,2021,21WS0E,YWZC-11-014,11,14,18Y1210-004,
Barellan,2021,21WS0E,YWZC-11-015,11,15,18Y1145B-016,
Barellan,2021,21WS0E,YWZC-11-016,11,16,19W101-5043,
Barellan,2021,21WS0E,YWZC-11-017,11,17,18Y511-007,
Barellan,2021,21WS0E,YWZC-11-018,11,18,Magenta,
Barellan,2021,21WS0E,YWZC-11-019,11,19,17Y497-014,
Barellan,2021,21WS0E,YWZC-11-020,11,20,18Y364-014,
Barellan,2021,21WS0E,YWZC-11-021,11,21,18Y1103-021,
Barellan,2021,21WS0E,YWZC-11-022,11,22,18Y602-007,
Barellan,2021,21WS0E,YWZC-11-023,11,23,19W007-018,
Barellan,2021,21WS0E,YWZC-11-024,11,24,19W179-5014,
Barellan,2021,21WS0E,YWZC-11-025,11,25,17Y372-027,
Barellan,2021,21WS0E,YWZC-11-026,11,26,18Y437-015,
Barellan,2021,21WS0E,YWZC-11-027,11,27,19W073-030,
Barellan,2021,21WS0E,YWZC-11-028,11,28,19W101-5036,
Barellan,2021,21WS0E,YWZC-11-029,11,29,19W083-006,
Barellan,2021,21WS0E,YWZC-11-030,11,30,RockStar,
Barellan,2021,21WS0E,YWZC-11-031,11,31,19W016-058,
Barellan,2021,21WS0E,YWZC-11-032,11,32,18Y371-015,
Barellan,2021,21WS0E,YWZC-11-033,11,33,18Y1177-016,
Barellan,2021,21WS0E,YWZC-11-034,11,34,18Y460-032,
Barellan,2021,21WS0E,YWZC-11-035,11,35,19W030-019,
Barellan,2021,21WS0E,YWZC-11-036,11,36,19W010-038,
Barellan,2021,21WS0E,YWZC-11-037,11,37,19W024-024,
Barellan,2021,21WS0E,YWZC-11-038,11,38,18Y812-057,
Barellan,2021,21WS0E,YWZC-11-039,11,39,18Y392-009,
Barellan,2021,21WS0E,YWZC-11-040,11,40,18Y733-016,
Barellan,2021,21WS0E,YWZC-11-041,11,41,18Y1132-026,
Barellan,2021,21WS0E,YWZC-11-042,11,42,19W094-025,
Barellan,2021,21WS0E,YWZC-11-043,11,43,19W012-025,
Barellan,2021,21WS0E,YWZC-11-044,11,44,18Y1211-035,
Barellan,2021,21WS0E,YWZC-11-045,11,45,18Y438-002,
Barellan,2021,21WS0E,YWZC-11-046,11,46,18Y349-025,
Barellan,2021,21WS0E,YWZC-11-047,11,47,18Y1090-010,
Barellan,2021,21WS0E,YWZC-11-048,11,48,18Y811-114,
Barellan,2021,21WS0E,YWZC-11-049,11,49,18Y1095-027,
Barellan,2021,21WS0E,YWZC-11-050,11,50,18Y1276-002,
Barellan,2021,21WS0E,YWZC-11-051,11,51,19W036-072,
Barellan,2021,21WS0E,YWZC-11-052,11,52,DS Pascal,
Barellan,2021,21WS0E,YWZC-11-053,11,53,18Y1097-027,
Barellan,2021,21WS0E,YWZC-11-054,11,54,19W009-017,
Barellan,2021,21WS0E,YWZC-11-055,11,55,19W020-021,
Barellan,2021,21WS0E,YWZC-11-056,11,56,18Y360-006,
Barellan,2021,21WS0E,YWZC-11-057,11,57,18Y1179-032,
Barellan,2021,21WS0E,YWZC-11-058,11,58,19W034-033,
Barellan,2021,21WS0E,YWZC-11-059,11,59,18Y511-113,
Barellan,2021,21WS0E,YWZC-11-060,11,60,19W232-5022,
Barellan,2021,21WS0E,YWZC-11-061,11,61,Trojan,
Barellan,2021,21WS0E,YWZC-11-062,11,62,19W140-5042,
Barellan,2021,21WS0E,YWZC-11-063,11,63,18Y1099-033,
Barellan,2021,21WS0E,YWZC-11-064,11,64,19W025-035,
Barellan,2021,21WS0E,YWZC-11-065,11,65,19W015-026,
Barellan,2021,21WS0E,YWZC-11-066,11,66,19W014-037,
Barellan,2021,21WS0E,YWZC-11-067,11,67,18Y365-005,
Barellan,2021,21WS0E,YWZC-11-068,11,68,18Y1094-012,
Barellan,2021,21WS0E,YWZC-11-069,11,69,18Y449-006,
Barellan,2021,21WS0E,YWZC-11-070,11,70,18Y404-013,
Barellan,2021,21WS0E,YWZC-11-071,11,71,19W034-012,
Barellan,2021,21WS0E,YWZC-11-072,11,72,19W027-019,
Barellan,2021,21WS0E,YWZC-11-073,11,73,18Y810-050,
Barellan,2021,21WS0E,YWZC-11-074,11,74,17Y513-011,
Barellan,2021,21WS0E,YWZC-11-075,11,75,18Y1134-003,
Barellan,2021,21WS0E,YWZC-11-076,11,76,19W031-062,
Barellan,2021,21WS0E,YWZC-11-077,11,77,18Y448-001,
Barellan,2021,21WS0E,YWZC-11-078,11,78,17Y480-016,
Barellan,2021,21WS0E,YWZC-11-079,11,79,18Y453-008,
Barellan,2021,21WS0E,YWZC-11-080,11,80,Vixen,
Barellan,2021,21WS0E,YWZC-11-081,11,81,18Y409-009,
Barellan,2021,21WS0E,YWZC-11-082,11,82,18Y1225-032,
Barellan,2021,21WS0E,YWZC-11-083,11,83,19W036-007,
Barellan,2021,21WS0E,YWZC-11-084,11,84,18Y345-010,
Barellan,2021,21WS0E,YWZC-11-085,11,85,19W013-009,
Barellan,2021,21WS0E,YWZC-11-086,11,86,17Y503-007,
Barellan,2021,21WS0E,YWZC-11-087,11,87,19W017-052,
Barellan,2021,21WS0E,YWZC-11-088,11,88,18Y728-001,
Barellan,2021,21WS0E,YWZC-11-089,11,89,19W244-5004,
Barellan,2021,21WS0E,YWZC-11-090,11,90,18Y374-004,
Barellan,2021,21WS0E,YWZC-11-091,11,91,18Y812-048,
Barellan,2021,21WS0E,YWZC-11-092,11,92,19W244-5047,
Barellan,2021,21WS0E,YWZC-11-093,11,93,19W031-001,
Barellan,2021,21WS0E,YWZC-11-094,11,94,18Y1101-029,
Barellan,2021,21WS0E,YWZC-11-095,11,95,18Y453-020,
Barellan,2021,21WS0E,YWZC-11-096,11,96,DS Pascal,
Barellan,2021,21WS0E,YWZC-12-001,12,1,RockStar,
Barellan,2021,21WS0E,YWZC-12-002,12,2,Scout,
Barellan,2021,21WS0E,YWZC-12-003,12,3,18Y728-009,
Barellan,2021,21WS0E,YWZC-12-004,12,4,18Y448-023,
Barellan,2021,21WS0E,YWZC-12-005,12,5,18Y371-003,
Barellan,2021,21WS0E,YWZC-12-006,12,6,18Y1145A-012,
Barellan,2021,21WS0E,YWZC-12-007,12,7,19W010-035,
Barellan,2021,21WS0E,YWZC-12-008,12,8,19W027-028,
Barellan,2021,21WS0E,YWZC-12-009,12,9,18Y810-065,
Barellan,2021,21WS0E,YWZC-12-010,12,10,19W019-034,
Barellan,2021,21WS0E,YWZC-12-011,12,11,17Y334-025,
Barellan,2021,21WS0E,YWZC-12-012,12,12,18Y409-008,
Barellan,2021,21WS0E,YWZC-12-013,12,13,Chief CL Plus,
Barellan,2021,21WS0E,YWZC-12-014,12,14,18Y1099-016,
Barellan,2021,21WS0E,YWZC-12-015,12,15,18Y1231-079,
Barellan,2021,21WS0E,YWZC-12-016,12,16,18Y375-010,
Barellan,2021,21WS0E,YWZC-12-017,12,17,19W012-038,
Barellan,2021,21WS0E,YWZC-12-018,12,18,18Y405-003,
Barellan,2021,21WS0E,YWZC-12-019,12,19,19W244-5045,
Barellan,2021,21WS0E,YWZC-12-020,12,20,18Y1140-001,
Barellan,2021,21WS0E,YWZC-12-021,12,21,19W140-5020,
Barellan,2021,21WS0E,YWZC-12-022,12,22,18Y392-031,
Barellan,2021,21WS0E,YWZC-12-023,12,23,18Y812-115,
Barellan,2021,21WS0E,YWZC-12-024,12,24,19W016-028,
Barellan,2021,21WS0E,YWZC-12-025,12,25,19W031-042,
Barellan,2021,21WS0E,YWZC-12-026,12,26,18Y1225-013,
Barellan,2021,21WS0E,YWZC-12-027,12,27,18Y1118-007,
Barellan,2021,21WS0E,YWZC-12-028,12,28,Beckom,
Barellan,2021,21WS0E,YWZC-12-029,12,29,18Y811-057,
Barellan,2021,21WS0E,YWZC-12-030,12,30,19W101-5017,
Barellan,2021,21WS0E,YWZC-12-031,12,31,19W011-033,
Barellan,2021,21WS0E,YWZC-12-032,12,32,19W014-015,
Barellan,2021,21WS0E,YWZC-12-033,12,33,19W024-045,
Barellan,2021,21WS0E,YWZC-12-034,12,34,18Y448-003,
Barellan,2021,21WS0E,YWZC-12-035,12,35,18Y1255-005,
Barellan,2021,21WS0E,YWZC-12-036,12,36,Spitfire,
Barellan,2021,21WS0E,YWZC-12-037,12,37,18Y1092-002,
Barellan,2021,21WS0E,YWZC-12-038,12,38,18Y736-016,
Barellan,2021,21WS0E,YWZC-12-039,12,39,18Y381-001,
Barellan,2021,21WS0E,YWZC-12-040,12,40,19W207-5025,
Barellan,2021,21WS0E,YWZC-12-041,12,41,19W022-020,
Barellan,2021,21WS0E,YWZC-12-042,12,42,19W034-040,
Barellan,2021,21WS0E,YWZC-12-043,12,43,17Y514-002,
Barellan,2021,21WS0E,YWZC-12-044,12,44,18Y359-014,
Barellan,2021,21WS0E,YWZC-12-045,12,45,19W035-040,
Barellan,2021,21WS0E,YWZC-12-046,12,46,18Y1097-032,
Barellan,2021,21WS0E,YWZC-12-047,12,47,17Y504-016,
Barellan,2021,21WS0E,YWZC-12-048,12,48,19W140-5008,
Barellan,2021,21WS0E,YWZC-12-049,12,49,18Y812-049,
Barellan,2021,21WS0E,YWZC-12-050,12,50,18Y389-010,
Barellan,2021,21WS0E,YWZC-12-051,12,51,19W244-5007,
Barellan,2021,21WS0E,YWZC-12-052,12,52,18Y384-004,
Barellan,2021,21WS0E,YWZC-12-053,12,53,19W035-034,
Barellan,2021,21WS0E,YWZC-12-054,12,54,19W021-003,
Barellan,2021,21WS0E,YWZC-12-055,12,55,18Y1095-054,
Barellan,2021,21WS0E,YWZC-12-056,12,56,19W088-080,
Barellan,2021,21WS0E,YWZC-12-057,12,57,18Y1211-015,
Barellan,2021,21WS0E,YWZC-12-058,12,58,18Y344-012,
Barellan,2021,21WS0E,YWZC-12-059,12,59,18Y359-009,
Barellan,2021,21WS0E,YWZC-12-060,12,60,Suntop,
Barellan,2021,21WS0E,YWZC-12-061,12,61,18Y1177-006,
Barellan,2021,21WS0E,YWZC-12-062,12,62,19W016-052,
Barellan,2021,21WS0E,YWZC-12-063,12,63,18Y1231-025,
Barellan,2021,21WS0E,YWZC-12-064,12,64,18Y511-011,
Barellan,2021,21WS0E,YWZC-12-065,12,65,18Y437-001,
Barellan,2021,21WS0E,YWZC-12-066,12,66,18Y1101-009,
Barellan,2021,21WS0E,YWZC-12-067,12,67,18Y448-022,
Barellan,2021,21WS0E,YWZC-12-068,12,68,19W007-012,
Barellan,2021,21WS0E,YWZC-12-069,12,69,19W083-003,
Barellan,2021,21WS0E,YWZC-12-070,12,70,18Y450-006,
Barellan,2021,21WS0E,YWZC-12-071,12,71,18Y1130-012,
Barellan,2021,21WS0E,YWZC-12-072,12,72,18Y460-001,
Barellan,2021,21WS0E,YWZC-12-073,12,73,18Y1132-012,
Barellan,2021,21WS0E,YWZC-12-074,12,74,19W034-022,
Barellan,2021,21WS0E,YWZC-12-075,12,75,18Y1168-5002,
Barellan,2021,21WS0E,YWZC-12-076,12,76,18Y460-024,
Barellan,2021,21WS0E,YWZC-12-077,12,77,18Y365-010,
Barellan,2021,21WS0E,YWZC-12-078,12,78,19W017-067,
Barellan,2021,21WS0E,YWZC-12-079,12,79,18Y352-015,
Barellan,2021,21WS0E,YWZC-12-080,12,80,Trojan,
Barellan,2021,21WS0E,YWZC-12-081,12,81,19W036-002,
Barellan,2021,21WS0E,YWZC-12-082,12,82,19W029-037,
Barellan,2021,21WS0E,YWZC-12-083,12,83,17Y496-019,
Barellan,2021,21WS0E,YWZC-12-084,12,84,19W036-026,
Barellan,2021,21WS0E,YWZC-12-085,12,85,19W073-017,
Barellan,2021,21WS0E,YWZC-12-086,12,86,19W016-076,
Barellan,2021,21WS0E,YWZC-12-087,12,87,18Y1088-005,
Barellan,2021,21WS0E,YWZC-12-088,12,88,19W018-037,
Barellan,2021,21WS0E,YWZC-12-089,12,89,18Y511-133,
Barellan,2021,21WS0E,YWZC-12-090,12,90,18Y1145A-020,
Barellan,2021,21WS0E,YWZC-12-091,12,91,18Y439-003,
Barellan,2021,21WS0E,YWZC-12-092,12,92,19W009-023,
Barellan,2021,21WS0E,YWZC-12-093,12,93,19W083-055,
Barellan,2021,21WS0E,YWZC-12-094,12,94,17Y512-016,
Barellan,2021,21WS0E,YWZC-12-095,12,95,DS Pascal,
Barellan,2021,21WS0E,YWZC-12-096,12,96,Barley,
